,x,y
0,0.4385948781454392,0.21531641007635355
1,-0.42245291444159977,-0.3054397379707991
2,-1.0124811783524803,0.04755929607530313
3,0.976357810476057,0.03804864058903188
4,-1.0161751817557696,-0.27785972213851906
5,0.7424323578745173,0.6096551076425304
6,0.6147535706297707,-0.7616905682586709
7,0.48005847455694906,0.20048955266194443
8,-0.44693304184877625,-0.2380058516435669
9,0.29781202430286396,-0.25855841516015793
10,-0.3679090814822922,0.3858569021640283
11,0.010613918796304193,0.5003050316517971
12,-0.31317359948737167,-0.9813463894331593
13,-0.254756624152237,-0.9181718141193778
14,-0.5009868335179481,0.29112880649037465
15,0.38690383402458745,0.2888781800225138
16,-0.12442356083985204,-1.0124651004094822
17,-0.3016115764159148,0.4090074792768985
18,0.6450559143172513,0.8158522354777188
19,0.4723225221212394,0.09348020000847895
20,0.2978800143738265,0.9023693861652081
21,0.40584728514084617,-0.31334419638075023
22,-0.4509288221133207,0.18497859219746207
23,0.5320016328573506,-0.8418744138918534
24,0.1773644438471335,0.3747700967954724
25,-0.7150255492862231,-0.6617195959736185
26,0.20619846362880334,0.5026786030647387
27,-0.7903074876124215,-0.5459836657316477
28,-0.9276994644199217,0.029455343062651504
29,0.5406496795733807,0.25102059451144326
30,0.07263228894631094,1.006598218026436
31,-0.2250481834691618,0.47826452263421904
32,0.34090073433480955,-0.30965505806202354
33,0.1739322721817336,0.4166740017835029
34,0.487669755250353,0.8935376235500762
35,-0.7174858940595757,0.5393403227017188
36,0.009741086094260908,-0.5545149845739936
37,0.3360328357903326,-0.3296913878827805
38,-1.0289533330137395,-0.04862913284262814
39,-0.4964177371894951,-0.8964343165192038
40,-0.4355667612312217,0.2040804051221611
41,-0.7692234270493842,0.6792425900165341
42,-0.5260860138042558,-0.0007808761980520329
43,0.5227199025992914,-0.87372077229139
44,0.4257103391685174,-0.8956871632758827
45,-0.31797079843892034,0.33779880924002226
46,0.8523753549477573,-0.38610484818481844
47,0.7059200526615846,0.7640646575014345
48,0.9617421264382535,-0.05022026199540856
49,0.8729723431032511,-0.670059426710379
50,-0.20703714113082122,0.4704128213822726
51,0.5892128801636775,0.9024230590421807
52,-0.4183862013028049,0.16837885676744027
53,-0.36483703537905376,-1.0068119717541644
54,0.43737730743301617,-0.2892349026197075
55,-0.2839925544766957,0.3958422323366533
56,0.5288744144214574,-0.078556307383882
57,-0.09718571556805516,-0.9423215788557157
58,0.2700329368409614,-0.4484804818305544
59,0.965856911512274,0.23165647638675813
60,-0.34501969829414275,-0.8782088509526026
61,0.6841847049449378,0.7385930683357703
62,0.04515435177216576,0.36324985666626525
63,-0.15867651416626571,0.940538232783739
64,-0.24390615591530332,0.46125299334392994
65,0.6802366777720396,-0.80109212665319
66,-0.5662629414588263,0.8719833022043608
67,0.3454334655275997,-0.3419966955105107
68,-0.25997864471003435,-0.39220302173237626
69,0.3327367242777426,0.43636624182564865
70,-0.08996006847748443,-0.4604577174352269
71,0.6007528759368908,0.16172723323434385
72,-0.8625603602709518,-0.5053766107721226
73,0.4105155563346221,-0.18958927760529978
74,-0.5172444935031092,-0.16825780966261514
75,-0.278186486796848,-0.9500629572795766
76,0.484443902319852,0.27271040300801613
77,0.02596782173289789,-1.0185784833462623
78,0.4339052118256097,0.09411150747732275
79,0.35765195893912494,-0.2780440066537264
80,-0.4538913788543239,-0.05715894236738206
81,0.8944693831516836,-0.4009416343568443
82,0.8988918731821471,0.4259625140468296
83,-0.9239768562025197,0.038902436219926693
84,0.5170128224814088,-0.020517815487820543
85,-0.16408889471889337,-1.030193966263488
86,-0.38557998200903987,-0.2796377724902738
87,-0.8852032608641058,-0.35602333699249783
88,-0.49204471249832166,0.08261321874716752
89,-1.071831152936186,-0.046000650403547144
90,-0.9682448415023224,0.2524301040383732
91,-0.3756320335793317,-0.32438042590440674
92,-1.0192300554692861,0.3212839673190814
93,0.6337361001854015,0.8639958694388532
94,-0.5854897789744113,0.8313394429059651
95,-0.3742496511563576,0.3503847412217177
96,-0.052955659183114435,0.5070491126518084
97,-0.9887353081755527,0.030754787078656753
98,-0.46203143905449007,-0.1874984112592033
99,0.9979484035559888,0.3867640481988629
100,-1.0644391913290294,-0.06073817637892228
101,0.3383044898535994,-0.3416573462786882
102,0.11743948883547704,-1.007235207580929
103,0.2884651029249673,-0.4244226111168212
104,0.5785248847290763,0.7650665028043825
105,-0.026443893104568503,-0.5246589189448151
106,0.477692626312573,-0.25428229912848926
107,0.7486796190317482,0.655723779667198
108,-0.5047383502137494,-0.21394220802215677
109,-0.03985261168638324,-0.9913904134790081
110,-0.001308503754259064,0.5205564016096462
111,0.06415752768516658,1.0475220417148596
112,-0.438087740496424,-0.9210875657595946
113,-0.029238720020016692,0.4212659487870228
114,0.02233026633490481,1.0194817881252318
115,0.5317184524294318,0.09515690196633671
116,-0.9564619835677626,-0.29588946113550235
117,0.6955569246200649,-0.688880742527343
118,0.15074047801791773,-0.4629885368074832
119,0.2334256884056686,-0.5129719554404233
120,0.4449964251403151,-0.09964584441902835
121,0.9330400325353887,0.23031012241012305
122,0.14039293554374155,0.33175406291907744
123,0.4908761026741532,0.06047549661814402
124,0.9965109891872219,-0.26238408666807067
125,0.9554450842670583,-0.21681601716388457
126,-0.30981099197216166,0.40819276389166437
127,0.3329920594080693,0.4201176170541227
128,0.469367376126969,-0.2656019743565613
129,-0.5828239290013982,0.05885938492510902
130,0.5015350424508223,0.10115136017117057
131,0.2105412596833262,-0.48873753510076606
132,0.18906560833219901,-0.4919674544853098
133,-0.5324454435254521,-0.018081907236747116
134,-0.8114901653835057,0.5313033601763998
135,-0.09988413191035259,-0.48623712019885945
136,0.23055390908999163,0.4251819823039664
137,0.7967116565096878,0.5316284100842464
138,0.6805973445783663,0.7667971003622708
139,-0.8887917382116516,-0.5522480577054056
140,-0.42016870792473315,0.8404894245407414
141,0.35052148838618,0.41169538324946564
142,0.029926581149253836,-0.47380486731737986
143,0.3736922953282136,-0.06732627182864101
144,0.7598705532181805,-0.7555477578832372
145,0.39863426016473535,0.1834298418060344
146,-1.0251435353464255,0.2387895948808083
147,-0.8983589260448694,0.3635841988227058
148,0.4555682862491292,0.30373940410353617
149,0.4807669716659023,0.005220307648614732
150,0.15891639503790056,0.4497980168750752
151,-0.5220930016165823,0.11736203774961257
152,-0.4888047933548469,-0.906706299030728
153,-0.29979494968011083,-0.3232991916655866
154,1.0185780316843998,-0.2446923963506759
155,-0.5734673713319292,-0.8375146872229857
156,-0.24733169103584474,-0.5199379054859201
157,0.5630337668032417,-0.11912860068661965
158,0.4243733826089147,-0.2978049664710981
159,0.47591611539000045,-0.19791369332845127
160,-0.49971392946656684,0.05208464257072623
161,-0.3961851872864891,-0.18031301923879706
162,0.42523216184852675,0.29216905666434995
163,0.940293143283172,-0.2584413833768997
164,0.015283667774843697,-0.9268999621988073
165,1.0232518654027725,0.050985021433158695
166,-0.27449733114777086,0.34373197697257957
167,0.9731802370779618,0.08307132467145015
168,0.18039179188761575,-1.0019924265786075
169,-0.2620079880004784,-0.4638770342312858
170,-0.4823473417134451,-0.09256483903418056
171,0.34894078145025725,-0.3381236028531386
172,-0.027366508227005856,-0.5209542681755378
173,-0.16082737389314172,0.47680471387566
174,0.47158938964518704,0.11705295539017366
175,-0.6758894887324715,-0.815814597043585
176,-0.4281505410121869,-0.866473162590779
177,0.6885609977625922,-0.8110170102360721
178,-0.15947171419641296,-0.522319954111321
179,0.18333948786503385,0.5376217693577293
180,-0.9697158359343128,-0.6240313811459676
181,0.10177695286042196,-0.4559333883964794
182,-0.5213225992950142,0.12629412861681671
183,0.48771976103886977,0.09513774518767228
184,1.028189206899684,0.16312114430898214
185,-0.25835032500890676,-0.38127087536577065
186,0.31512251769577065,0.3766092030057692
187,-0.5012211610927552,0.007172990255390634
188,-0.551442381497532,-0.061429798637887834
189,-0.04209100290263,-0.5199588234341307
190,-0.4972004549199824,0.3046751701647961
191,-0.361659701056216,-0.4013027537461362
192,-0.8954578670899811,0.45937812615683227
193,-0.9830850065368117,-0.15093046822780987
194,-0.4199546418366508,-0.30333160126596237
195,-0.37097713170149166,0.3479213757962969
196,0.5670852352164708,-0.03524750777604156
197,-0.029794483791392063,0.5118540414932033
198,-0.1195069733054926,-1.0819946415411863
199,-0.40748916801860136,0.3123800907760255
200,-0.4546719302402316,-0.13813428903450034
201,-0.9865780695089351,0.09443766406876998
202,-0.9482104657540805,-0.1984366828183343
203,-0.40133664927835827,0.29253461255091145
204,0.3480403268003103,-0.4358190050440022
205,-0.37489282292510656,-0.2883820959185198
206,0.5166442311527057,0.910247653296928
207,0.36560536165049007,-0.1064467887326311
208,-0.8764304152437963,-0.5389410643281546
209,0.23301696742563976,0.9391389795806424
210,0.5869725613078758,-0.7220391714553788
211,0.4395629309414032,0.8981887478536912
212,0.4048809904564294,0.23996480012662594
213,0.07475067862739082,0.5300253825787032
214,0.22145405766337098,1.0301360586509516
215,-0.115913185529002,-0.4354676115627158
216,0.8505411900802176,-0.5104153340742272
217,0.9805496324837003,-0.28454851523399205
218,-0.017579433061098073,0.43053121507836584
219,0.5013902007936883,-0.02230485045996959
220,0.43282969891994916,-0.40984116810617816
221,0.11915124503799104,0.9369744509391974
222,-0.8106695485316644,-0.721135007762518
223,1.0269929144735477,0.16312403095950284
224,0.6591378523219831,0.7280300906909188
225,0.9917943599261118,-0.22725955864718647
226,0.5966310493827598,-0.055781546617136135
227,-0.5416435275052974,0.15126970473562454
228,-0.23928793175146537,-0.3563408702127648
229,-0.0490131364592026,1.0251798186513494
230,0.2687303532334294,-0.45201552644849075
231,-0.5590064938394487,-0.812421460416266
232,0.746164659299053,0.5966218391969075
233,0.32127240761468534,0.3028647629567979
234,-0.1799122436015416,-0.5592748321162648
235,0.8116351711087775,0.6654393596509786
236,-1.0706952572012274,0.008497027405254466
237,-0.3838871539737041,0.9811191574369984
238,0.011696968640128029,0.9491707634698234
239,0.00027118965516810187,0.5353875954725499
240,-0.37943361428833716,1.002197467384569
241,0.20102234203139946,0.35826233368427823
242,0.39750554917997966,-0.37917615581413344
243,0.41762998783180977,-0.17087334839223287
244,-0.8623005992050379,0.5397378928206538
245,0.3686947273895628,-0.30661965484396053
246,0.21149275291680356,-0.4430859805441235
247,-0.18934564385789351,0.42927098167775685
248,-0.020609437689026906,-1.013490872768656
249,0.2169546677270607,-0.5446124319846112
250,0.33836027072034025,0.3804407983470941
251,-0.9573888882394915,-0.15377362164349792
252,-0.20406214895940553,-0.9898475308487134
253,-0.5602067041462906,-0.07116834630587379
254,0.6387295262931759,-0.8134515957277466
255,-0.43894524577782457,-0.36743619240176933
256,-0.13708843491340789,0.43217313826221126
257,-0.91124297732389,0.43363481597101666
258,-0.19053821024719006,0.9891005236602212
259,0.05265513770954565,0.4086501543490503
260,0.15212488423391163,-0.45259540609497845
261,0.8869982042397698,-0.34843150022905856
262,0.21126787673023578,1.1072410674072573
263,-0.5398177555458881,0.8086015414470956
264,0.24090042432002595,-1.0447239226391647
265,-0.15405505000080197,0.49480439497599943
266,-0.07886453295865908,-1.033311888415248
267,-0.5366042966379916,0.16402224254477688
268,-0.12438312469908017,-0.5724510630240238
269,0.4789442575420299,0.0011347436887800717
270,0.5308750335751964,0.056924691066444086
271,-0.3874527296778848,0.3778701763382724
272,0.138796642399453,1.0003048057375854
273,-0.39536511921733036,0.2824734876244454
274,-0.2785794251377611,0.980006050649717
275,0.3145843525256078,0.3667616914281681
276,0.03697480200187278,-0.5528999983013536
277,-0.15050820804268383,-0.47684280434043674
278,-0.44200356786628997,0.06434928511951338
279,-0.09788836021771959,1.018172847751209
280,0.5365563750660974,0.0333067926207697
281,-0.019800026529083206,-0.9049318470769745
282,0.9533092790279983,-0.2560913017124047
283,-0.174832199181862,-0.3721299876654075
284,-0.7243060745381743,0.689885647063596
285,-0.8200205670011939,-0.6686235907263713
286,0.25001702861958097,-0.3922320447428334
287,0.42421893539484007,0.2153467192479245
288,0.2994850014298569,0.9846884423060991
289,-0.9055002350414081,-0.27777369518527784
290,-1.0020553017369,0.01882376811937513
291,-0.6654143796028587,-0.1145302210098449
292,-0.21972942996444667,0.9075655747950935
293,0.41080491888045895,0.9487920465852309
294,-0.8434198113021569,-0.6478820205716225
295,-0.7886636580626715,0.6789327222149302
296,-0.08939440066910434,-0.3749565761238316
297,0.17731248517817816,1.0685569058238338
298,-0.7370546783455533,0.5137832393997401
299,0.3606938965717181,0.861770124397217
300,-0.39501560103004324,0.2933634032675724
301,-0.4202602654790536,0.28146645881257526
302,-0.005985236268935006,0.4832547913388696
303,0.35436092716269363,0.41723724841248144
304,-0.4095857184778327,-0.9708692754659262
305,0.4013356934616731,-1.0146641164557122
306,-0.33285190407837784,-0.940544051628252
307,-0.06895222818843642,-0.49099115909261754
308,-0.38875975694124065,1.0204591463538555
309,0.7265765047306655,-0.6654570001049263
310,-0.8072495677819862,0.6421159606167592
311,0.925981247724942,-0.411344293205108
312,0.6979520373245444,-0.6029641399486484
313,0.9438736232479785,-0.15111623032598848
314,-0.9811430516138989,-0.2981792020143334
315,-0.8282013104155798,-0.5529109172284229
316,0.9673490684914935,-0.2549041122456315
317,0.42855886203917337,0.29926889667419004
318,-0.5395320943139189,0.0469427090681017
319,-1.0037764901172275,-0.13114127166416817
320,0.877983231672599,0.48144200417890526
321,0.4392737820598641,0.8442473330788558
322,-0.27449307764632924,0.3947929926482612
323,0.7148386190168565,0.6757406921693763
324,-0.9196121589705574,0.3634693542426009
325,0.8776035423881969,0.4094119650739778
326,0.5206036215541465,-0.8240090811191759
327,0.41549981036286354,-0.290474898397411
328,0.2689352904943012,-0.4537616249299192
329,0.8767518351524838,0.48979131604769865
330,0.09192196385381357,-0.5438373681348375
331,-0.6692833719718589,0.7406990274338822
332,-0.9233433121333677,0.41488447334062817
333,-0.43642265546161263,-0.03652655730065795
334,-0.3262538964727325,1.019508549828412
335,0.018408723948159324,-1.0526032033980683
336,-0.24564400219840068,0.9733344186188974
337,-0.18960346087762256,0.9790100921781227
338,0.2963912713820105,-0.978904984963248
339,-0.024072636769838326,-0.9558186513141472
340,0.403232655238859,0.8386312267026039
341,-0.3494943806541159,-0.9043353587881304
342,0.8449878021045607,-0.4532555288138061
343,-0.24059839107732023,0.39179065330461427
344,0.25705298259156845,0.9392018651481779
345,0.6352499256479742,-0.9093403692841641
346,0.028027860477829424,1.0992421686024325
347,-0.47125423986802834,0.07684724851781222
348,0.25322818562823696,-0.4798606183573403
349,0.4638568742748833,0.009489118559399799
350,-0.4962405713521401,-0.8526888856373636
351,0.4824750561816945,0.9788725398217828
352,-0.38194467936490284,0.36900679625977656
353,0.46079347146767236,0.2183010258183776
354,0.2758999991940561,0.42508294325226026
355,-0.07232522382021755,0.5456342654740901
356,0.34717024453818085,0.3004299642655178
357,0.7901358800398371,-0.7107613665325918
358,-0.5131993500241012,0.19992124723212057
359,-0.46825066783109437,0.7698611570350031
360,-0.9856345684035505,0.29062227144068026
361,0.45774509806220565,-0.8674541146704957
362,0.5055710880813069,-0.8440932067026704
363,0.025240666089311307,0.899047898679879
364,0.2045344999884003,0.5099523749842534
365,-0.06380744781180597,-0.48920041365927647
366,-1.0024304658165026,0.3253678924352197
367,-0.484005307297402,-0.1420387400085931
368,0.3642216568371064,-0.9727942702946696
369,0.6201593367285375,0.8105998559876455
370,-0.7340145947629382,0.6422609361310142
371,-0.9654909035263171,-0.18173509334096669
372,0.04145841323230082,0.5005831610232356
373,0.923051384170384,-0.29584099589454205
374,0.8594961051381033,-0.3649957190192692
375,0.5565868162031875,-0.6667836101565286
376,0.4833402410803641,-0.06310789175181979
377,0.4959363378662574,0.059269529550168704
378,0.6534962165920881,0.7659809713429819
379,0.5865600352612381,0.027940887459825564
380,-0.3412200172207907,-0.4192498031626001
381,0.35868976306726985,-0.9227772665142053
382,0.8385375574073018,0.3806336130339418
383,0.8891264566583181,0.5633136082858714
384,0.7809073844276189,-0.5516998225709959
385,0.932432245824567,-0.11256218684135316
386,0.34207664951827477,0.43497118935559387
387,0.029225346388080317,-0.4756730349205787
388,-0.6512801200930111,0.6963532379575252
389,0.9458159819032662,-0.2822076882868157
390,-0.9495546770262775,-0.2827421453238903
391,-0.5172048901763703,-0.8573349310534017
392,-0.21363744959849118,0.36508434439827037
393,-0.6995013701280396,-0.7285320465918532
394,-0.4011754145151296,-0.2961901558536684
395,-0.412555525776899,-0.2699697168094618
396,-0.8884599508554227,-0.19082648028688096
397,0.17306310724423737,0.47745099112627204
398,-0.34586614491832823,-0.3637209464612076
399,1.0084852324164344,-0.31786257854019917
400,0.4317432548183759,-0.32038752649208113
401,0.20491351351434783,0.5003245776126368
402,-0.6655512763465801,0.6766135287934227
403,0.45328162492136864,0.15559763284940709
404,0.7780035516098349,-0.5872106172375393
405,-0.8165132970907414,0.5882511006908301
406,-0.38761460300500694,-0.2568798863269095
407,0.8226654557706266,-0.39096798633382107
408,-0.8031962740924048,0.5906214592694148
409,-0.919311594628117,0.34688470740706456
410,0.28631889247015685,-0.4681464060630236
411,0.8403058158944144,0.4769400418216014
412,0.7677760200028798,-0.7436638097017683
413,-0.35454096956934733,-0.34669951998060156
414,-0.01489169106511419,1.0130383100128029
415,0.2207466546178716,0.40887503311806245
416,0.43551057907737306,-0.8847388881165731
417,-0.39257280955806695,0.1911909000736823
418,-0.5690487455039667,0.020631496618866506
419,-0.5130829497471744,-0.002190515854740723
420,-0.8980711406314261,-0.39697972646258756
421,-0.321510187284187,0.3552252237875572
422,1.005252668161827,0.189070206137188
423,-0.21959476475827155,-1.0039925395860907
424,-1.0458494222008987,-0.07605634891890635
425,-0.22144076902517143,0.3808845564521911
426,-0.9181133690197177,0.3981406847191115
427,0.23492587195675757,0.48479184489556076
428,0.9230369984189731,0.39108044461664115
429,-0.4950696102596082,-0.07930448472147736
430,-0.29443113536521337,-0.42875457329143124
431,0.8203479376586362,0.5392625090932509
432,-0.9700938475234843,0.545308081799114
433,0.2924758140262832,-0.44363409386974245
434,-0.7130827832168848,-0.721364701824654
435,-0.8169731581487193,0.5373022613615848
436,0.5396069537401984,0.20876544035769606
437,1.0211576080980074,-0.0259123437231545
438,1.018280397635558,-0.055024906215320635
439,-0.42535747697319143,-0.9385975016352054
440,-0.426108637669634,-0.3258389346256655
441,0.4484814178476531,-0.24765233707127038
442,0.8327155396322561,-0.5905549249493661
443,-0.7688632585738582,0.6551715222998401
444,0.16132776547948616,0.5057760766747653
445,-0.3735138428877448,-0.29448917998958835
446,-0.08783544806598834,-0.4500480263585893
447,0.38033113619805475,0.8731425570409042
448,0.7734087374603273,-0.6010193649038013
449,-0.20930340473152598,-0.42009871576021424
450,-0.5347720416031629,0.025900055365617947
451,0.025718007349666852,0.5144422107935867
452,0.04460612560883055,0.5552643016265659
453,-0.484057006997342,-0.23703375516627856
454,-0.12408663214607125,0.5021298394458807
455,-0.41962635547702554,-0.2087482097683209
456,-0.25374910769003356,0.9971762633623453
457,-0.31198785024496234,-0.9510112715820735
458,-0.832998029572444,-0.600363775698116
459,0.04704177524012136,-0.4427725838618126
460,0.4268419664377654,0.16842829426457573
461,-0.8941787433836876,-0.32529192830399634
462,0.5038521512087389,-0.05910242854326794
463,0.2267932274140451,-1.023248135179734
464,0.18609563832506498,-0.8895749400564243
465,-0.7844798083871483,-0.6472404717214763
466,0.8623698471274478,0.4762680504123375
467,-0.4179487985790726,0.005806275730276145
468,-0.16255193184218672,0.42419403348690154
469,0.10997920598133765,-0.9933311941923332
470,0.8189669740141419,-0.6341555486253275
471,0.3993649320987339,-1.013981876375619
472,-0.2690933493243335,0.9746465827265047
473,-0.04206694001864766,-0.4702043304224638
474,-0.33985532523881956,0.35376607578616637
475,0.11923670545972613,0.4817643746266874
476,0.3985616777329666,-0.27702435220042887
477,0.40486096706973296,0.32291320347953667
478,-0.4000108878860903,0.8796636391736461
479,1.042280721777422,-0.08765374964201958
480,-0.18606003569411925,0.5461612396252693
481,0.37737484877502914,-0.3389111786231077
482,-1.012194775337257,0.19143203219631577
483,0.35495245450455387,0.9534072540016781
484,-0.37244067566712286,-0.9550639141779589
485,0.8258790001870928,0.4604661322638672
486,0.20524943204848717,0.3490088839614373
487,0.4975831338871763,-0.01042726475923655
488,0.9329104845256845,-0.38920476092381867
489,-0.49792120959191816,-0.23454170052177872
490,-0.7125201777772276,-0.5737913057674733
491,0.22278189570718254,-0.9443615258642577
492,-0.03024625840263086,-0.5026675138470557
493,-0.9794162793168797,-0.04008217832299065
494,0.46873996006100765,0.1460455743789702
495,0.4418538824594322,0.1408029410799236
496,0.5743734863501442,0.9028227865114319
497,0.9342735145653682,-0.22311098418876552
498,0.48442564437951935,-0.7809433292482485
499,0.8036887181980643,0.4695640624826673
500,0.06696361561637913,1.065921053024598
501,-0.36892858460837163,-0.8234026056309114
502,0.02051186635863969,-1.000848897902617
503,0.9296798435429694,0.2823043878554192
504,-0.8358532322008039,-0.5111625601050366
505,0.3390428635769505,0.39773979027445894
506,-0.20598162983637405,-0.5057135550178591
507,0.8897502285153883,-0.4375317266903215
508,-0.3035533223815057,0.9277910358886523
509,0.06619998900346001,-0.4929581586958043
510,-0.9975136823984273,-0.09475143111227106
511,-0.5841503456593768,-0.8342652866816005
512,-0.9736058063304147,0.051478057641796506
513,-0.5103633917884118,-0.8482281105217644
514,-0.6034366354409532,-0.8197526174668813
515,-0.15733989254454075,-1.044622233583167
516,-0.972379270314937,-0.4633044873360445
517,0.7981445017543021,0.5042146740189597
518,-0.2791128796470936,-0.9606483272882345
519,0.913461046500197,-0.33111678799830435
520,-0.012391120050745191,-0.9620864448948111
521,0.8989154677863436,-0.48893400927705644
522,-0.0673053058542492,0.9032923670979043
523,-0.7088170044001775,-0.7461772506008904
524,0.4754464619516855,0.31308382823903685
525,0.04074487113672274,-0.9772697996988239
526,-0.9321352160211832,0.4438892620893291
527,0.44633586804238173,0.9254568726294513
528,-0.12022762725584869,-1.0527235110743847
529,-0.27240075296061506,-0.4017295080985971
530,0.3826284105586968,0.34794155736859167
531,0.34932261621904903,0.25149937413738377
532,-0.3976530316012225,-0.43140242974788173
533,-0.09176684603125061,-0.41731511348519956
534,0.4060368166458349,0.41187341991416865
535,0.4224365886448302,-0.9058672538692093
536,-0.3040317682023128,-0.4224197243914019
537,-0.12655827152083043,-0.856105412350398
538,-0.2410589183637611,-0.46941156987090416
539,0.8993584694715726,-0.5240989559493184
540,-0.8238205382415054,-0.45466260242327367
541,0.14696250286707016,0.4933964972936504
542,0.003800821810421018,-0.4364624232696845
543,-0.1345496405240664,-0.5697152839549982
544,-0.4101688063474017,0.1648761788780686
545,0.4528035347009366,0.8753307043336003
546,-0.2833037680759644,0.49632641824181445
547,-0.9020103856318722,-0.4990927036474497
548,-0.4834128961719782,0.15590845703439726
549,0.8514542563692811,-0.5916571887668287
550,-0.20678820058103725,0.37542079764202174
551,0.6645889947713578,-0.8660977851815513
552,-0.05764618482353284,0.5234787906676409
553,0.5322236564560742,-0.0444818051385707
554,0.5843652905150489,-0.799054883087548
555,-0.3917589619716471,0.3184038072075045
556,0.5229464344399168,-0.18522921346421845
557,-0.22203483368366142,-0.4324017180390559
558,-0.3757004307705994,0.3284530517626709
559,0.06759592800751639,-0.5017763177629349
560,-0.6331527221071459,0.655666795428073
561,0.5588661872895219,-0.7495615081135638
562,0.2508740475968358,-0.5275020721305893
563,-0.9789605001998224,-0.05211105464912273
564,0.22938414388127626,0.4935587700949121
565,0.14117483891447058,0.4736753297844978
566,-0.061728087897491346,0.5277695826207585
567,0.5021234980225814,-0.06888745750978663
568,-0.5236857721471916,-0.7921141171061691
569,-0.9911759882272557,-0.08236334026338704
570,0.2728241321763284,-0.4433998717152497
571,0.5226029075837815,-0.8235306182222051
572,1.0101948718806335,-0.050103460348067085
573,0.3502951308808218,-0.3260205564192928
574,0.21395777824936657,-0.4205011249888532
575,-0.6778343241956784,-0.9468258065453322
576,0.9038638683196932,-0.4812755855519221
577,-0.2119041274140035,0.371379840939211
578,0.9885082896776785,-0.05567312674063832
579,-0.1943244498478254,0.5183286101616945
580,0.16643875658901186,-1.0892967456856506
581,-0.17489721415259626,1.0299986655562032
582,0.03708886547035929,0.5028187373257742
583,-0.43940303143551274,-0.41584083898927826
584,0.369952972294339,-0.30259108517987515
585,-0.8715346735238398,-0.40096077421614823
586,0.16135151464686942,-0.44613142427592917
587,0.40111734918009073,-0.7916307491748898
588,-0.8086046963312706,-0.46138921681487827
589,0.9038322053840284,-0.5416646500358675
590,0.964575581692672,0.13185832873882888
591,-0.36675689369875936,0.3198686457866065
592,-0.22571268001766487,0.4895699292905443
593,-0.4602663731278478,0.8184127926205269
594,0.23967062334159125,0.367941633643489
595,0.44855558017330344,-0.13397183274796906
596,0.24572483253002958,-0.5365180442731358
597,-0.3027918320331645,-0.5167321988785893
598,0.23011598129774358,-0.4703374992525228
599,-0.09451410560700682,0.9684180517034202
600,0.4927392422644715,-0.9051535634530267
601,-0.017045819404208573,0.936451985887782
602,0.44083950533755745,-0.28064023942758193
603,0.5416436686810322,0.8376281503104309
604,-0.4994827647366223,-0.09064921901102631
605,-0.38109622889024775,-0.4132613410700944
606,-0.19574720956336208,0.9411247126643417
607,0.46648498407008193,-0.19271119317701707
608,0.25347255831432514,0.9297703044509403
609,-0.2898942034191296,0.34231418389953183
610,-0.08440796285434463,-0.4659330135596096
611,-0.36836565600818144,0.28200247174061727
612,0.4532165618549517,-0.17592792657242629
613,0.7970257378383766,0.5885619076888887
614,0.3607538322668783,-0.34093110463716336
615,-0.40783566592392867,0.7937535649869587
616,0.5881663960372538,-0.03382612271797904
617,-0.3194911962683374,-0.4111665335051238
618,0.017674618828648,-0.90931748200282
619,-0.7065539637102127,-0.7553717804177664
620,0.403050526714031,-0.3947398817786895
621,-0.4547814279743939,-0.13031253200779933
622,0.018547723954435803,-1.0696360297914722
623,-0.33402294186196496,-0.16003501527791836
624,-0.5536362668472888,0.8402257850681868
625,-0.9173803833077521,0.06685560398977942
626,-1.0202786377046087,0.19235624603215787
627,-0.2899501643435206,0.9911245774231175
628,-0.23576477972312482,-0.3877492012214504
629,-0.47734045014855714,0.11873671357839916
630,0.06746652229516682,-1.039573642577796
631,0.4954910881388319,0.311223366051274
632,0.19324683360054953,0.4879548664084993
633,-0.14286842899580188,0.47596458505165185
634,0.2806788345932608,0.46623393078139863
635,0.5463508418416443,0.21694859596998514
636,-0.1255232821218095,0.5334892236149607
637,0.3846388342472214,0.2695225625098687
638,-0.7146548093694525,0.7015774196303399
639,-0.48545866062054227,0.13980168119544892
640,0.5678541132866674,0.037561381885830455
641,-0.7993467822575938,-0.74888389773681
642,0.02089083509839927,0.4714976718174316
643,-0.35447738089794456,0.28528113919651393
644,-0.9484745551765423,-0.4438191412777563
645,-0.3938139383371659,-0.22366614645768482
646,0.42582858591606443,0.3351567448378166
647,-0.5475330829138598,-0.10791816404829371
648,0.23325821436335586,-0.9373214010844747
649,0.8383516045877019,-0.4649692646810617
650,-0.5133351819094588,-0.8782348642124345
651,-0.47519479002896736,0.8163807644596993
652,-0.6170159988451954,-0.7670655785902538
653,0.29054086556870373,0.4045483981969902
654,-0.5014296496756366,0.08119563311432199
655,-0.14825801286817983,-0.5095623693264099
656,0.9031423416200053,-0.38696001130558705
657,0.8586415765538985,-0.5575088766651798
658,0.2339596329183062,-0.3777807748281897
659,-0.5750684937831653,0.8170893763533572
660,-0.49465874034923796,-0.18360818690720507
661,0.8483610932709176,-0.28486341302827134
662,-0.5087013447751092,0.17561721922541693
663,-0.28991102918216116,-0.33349261791451046
664,-0.9887907932316092,-0.2888522829528518
665,0.03147719829303326,0.5048365749518703
666,-0.3073032886123047,-0.3573830225865069
667,-0.5346631814810988,-0.03643288559038407
668,-0.2221587494937526,-0.39904352707694724
669,-0.6561367791331374,0.6794222491469013
670,-0.09024710670480882,0.8772322354214793
671,-0.15849425447513668,-1.0663707095713424
672,0.4366959878970622,-0.16360290796463295
673,-0.3348746838937525,-0.33743967694322974
674,0.41793948831752364,0.33332731252184583
675,0.8396298276034612,-0.5249138110012562
676,-0.4789699604635863,-0.2800292878255522
677,0.9471274707769143,0.25046461158785716
678,0.6171683670587299,-0.7514501995659123
679,0.839231111159632,0.6737643516041385
680,-0.5008578827228795,-0.2447206653323527
681,-0.5016377611686044,0.011812172414650587
682,0.40493656536330225,0.31302420692939903
683,-0.06292958115684147,-0.5488593418960419
684,-0.3217783398169628,-0.9527976569772402
685,-0.20848699889587344,-0.45088775300949
686,-0.4352674468067639,-0.26457795886706864
687,0.5187782785660584,0.14566164422245426
688,-0.7655917191098343,-0.8176435655922036
689,-0.36430906380900274,0.22441220084060287
690,-0.5530628211037751,-0.8187114875043755
691,-0.01423380725310505,-0.46719419575827764
692,1.0158376835763425,-0.0625566921966418
693,0.6193111119255926,0.7176075717647435
694,0.8171327962105164,-0.6323535997296267
695,0.9276377063431567,0.20775872931963407
696,-0.3115999963727436,-0.4105057547173825
697,-0.9544156837764887,0.3236504991109123
698,-0.8316255196236622,0.5365733754394391
699,0.9831384939369594,-0.1582400324494437
700,0.4035497334840568,1.0285982018017719
701,-0.4698515994708871,0.2712051212851083
702,-0.3226516182732456,0.3957275337289988
703,0.7317029974461977,-0.7190231837458314
704,-0.006370917179577933,0.45466158274184854
705,-0.8439377364628156,-0.7245693412169488
706,0.37561680644815154,0.2846053931021467
707,-0.9192593093076408,-0.31521305286598944
708,-0.5583167487966287,-0.7949054626224566
709,-0.9078356227623758,-0.0015050675058027735
710,-0.43978699290033785,0.29322546225496104
711,0.4454203003597043,0.10440409842903411
712,-0.7736077647953141,-0.7699297652799524
713,0.2181348958892722,-0.3621127263389664
714,-0.4051943190263968,-0.24416719359036473
715,0.4651214135237389,0.24489485402950575
716,0.48392369817644754,0.007964307874995628
717,0.8046519314589624,-0.6044853833576306
718,-0.10099998990392703,0.49494713211680025
719,0.469547443164551,-0.14900154321638304
720,-0.5673945588296101,0.8407429864724268
721,0.7835795844916353,0.5931678002675387
722,0.2813345994419769,0.374518905409417
723,-0.19039773820888764,-0.42686974265503186
724,-0.15522023342579494,0.9307475248569714
725,0.4015233355767355,0.31525320122244127
726,-0.9970046228372131,-0.4066426130494599
727,0.3772426627133419,-1.0016424732577467
728,-0.8604740120947649,-0.680763716787601
729,0.4890114978228177,0.09035061505213567
730,-0.17216599526711557,-1.0516041031623595
731,-0.049436521485868384,0.9636494713667088
732,0.4211394369833664,-0.8934712849919829
733,0.4672526890706398,-0.8521054450010459
734,0.9958794356081606,-0.026665008163103517
735,-0.3335632508374975,0.4324400636751609
736,-0.7923424540776582,0.5114346730303445
737,-0.3904674729251634,0.11311951755746183
738,0.7501697684619124,0.704567522932179
739,0.5291302353642728,0.8356038929187956
740,-0.6460867733494448,0.7452122367914256
741,0.17540201229861674,0.9388905764458974
742,-0.7784591333112,0.6147559565415712
743,-0.1809904920332194,0.49616295006384725
744,0.6904138506854828,-0.7467178718610252
745,-0.10819575990698048,0.42700705306285175
746,0.5303490751085583,-0.8375117933965569
747,0.4749313442149714,-0.16251538405729093
748,0.7820763892633028,0.579806276995157
749,-0.542194585136907,0.8188109421288661
750,0.6132800107944942,-0.806652049061148
751,-0.05249766884980536,0.47246628726365625
752,0.5371372555490609,0.07856581914564854
753,-0.22258811591436176,0.47153447010249894
754,-0.44526324254592686,0.022790482592919197
755,-0.810135367857862,0.5556647841692738
756,0.5155967369000771,0.16769620366097002
757,-0.4809871379107183,-0.12973440528640384
758,0.8620019966734711,0.5050885800206099
759,-0.47148226968800205,0.2702312348643159
760,-0.40702210943397504,0.9364600365240655
761,-0.99170471741395,-0.26004654839635644
762,0.42480181130336064,0.24318637445329638
763,0.291706794851105,-0.954544603181039
764,0.9334117042846527,0.2828907336816474
765,-0.23084694800391484,-0.4635928172811967
766,0.9699841787942978,-0.17834275602280472
767,-0.8496669305623781,0.4211040886930187
768,0.42265490775035597,0.138049210716247
769,0.961147033558216,0.2997455364869476
770,-1.0017719202139312,-0.06706186716620745
771,-0.80298383558924,0.6393463169834602
772,0.17313365118213464,0.4908593299769626
773,-0.242900855750966,0.48333583254075363
774,-0.439398894529652,0.24975679390420955
775,0.5011833524565978,-0.09279316424676781
776,-0.5625835197133727,0.03134574152163677
777,0.2891584604799865,-0.38663956259161525
778,0.9722196107590216,-0.13171922016889254
779,0.7898731282725712,-0.5911481893309911
780,0.4802403405901658,0.015764123390733555
781,0.04408841166169544,0.4850838760507195
782,0.04435274518533075,0.5119286927330219
783,-0.3599940349381719,0.4399221833901357
784,0.9376735588662862,0.06114616701461936
785,0.918463572026096,0.4389086555561307
786,-0.7339129368952849,-0.7206608019559982
787,-0.3542569723827209,-0.22551642718798015
788,0.8397832228291718,0.48884762576890867
789,0.09835180411545325,0.5125676935061794
790,-0.37339987882403936,0.3563780723774708
791,-0.9400905840197867,-0.3552881241272765
792,0.2753419260830353,0.8559150520339247
793,0.16586731144029948,-0.36959515852485186
794,0.2744165718525064,0.4492154130675359
795,-0.11520941996988832,0.44636152945817426
796,0.3714150277478212,-0.2471119958807408
797,-1.0065151448374847,0.08043296157795979
798,0.3083186713110689,-0.4389867570499727
799,0.4527835004342963,-0.20346746356937212
800,-0.3983119443542686,-0.8471208986589889
801,-0.9912642800503233,-0.2677508189969499
802,0.3766507508457214,-0.9276333125061781
803,-0.5252076165476695,-0.24194937313853995
804,0.36226599496831974,0.9736033637818694
805,0.034507087090531914,0.4619343063292198
806,-0.1758433364078956,0.4007523580858451
807,-0.11752335028830423,-0.3933825591780544
808,-0.305034017438681,0.3942242326340624
809,-0.02139148083802487,-0.995529136735894
810,0.11352697786585023,0.5252628643624556
811,-0.3845706087667868,0.15228439525722348
812,-0.38275932688766673,0.8378000588736569
813,-0.7939258001565629,0.693897443762648
814,0.2001402461797051,0.3353736801103873
815,0.46377107059106903,0.044034119074437605
816,0.3310124374903363,-0.9807926460239375
817,1.0596295087354892,0.08855131252881761
818,0.5347732245872117,0.796016177608025
819,0.5639840270519767,0.6145509421572505
820,-0.9394945300217209,-0.35751342311951334
821,0.31071733292923703,0.36457670044262414
822,0.618678648482203,0.7592759361597947
823,-0.08417198379054894,0.4825316390861056
824,-0.1519357364910192,0.4939778590173738
825,-0.6024457865120533,0.7680479788484732
826,-1.0362368308394914,-0.15913364854594525
827,0.07676836407127233,-0.5718066422123322
828,0.24286420364188377,0.5905492210200306
829,-0.6782909764488256,-0.6840836357836596
830,-0.6925773952372017,0.7283011508799969
831,-0.5132272988137475,-0.14973975428758232
832,0.4678688465843948,0.9038592421063123
833,-0.9297674038352116,-0.28783003804649393
834,0.30932492595366395,-0.3618980396573987
835,-0.27140753371939685,-0.4080829674750505
836,0.9473467828861861,-0.004304773019691843
837,0.918006964859726,-0.2730568906111832
838,1.0590876100196294,-0.06220487836066915
839,-0.28859749532874523,0.9379654720794895
840,0.5029948022140578,-0.06698502236330843
841,0.37983144094445803,-0.3392377589638657
842,-0.17918459007072624,-0.408473364694998
843,-0.36285347633152076,0.9411766168744828
844,0.37438158167789964,0.35984342244197703
845,-0.05413614117514805,1.022178069753922
846,-0.4114735546105779,0.24405210286563128
847,-0.42013091794370055,0.28089729141731234
848,-0.9623430219209235,0.0962476715907988
849,-0.16436378555329015,-0.5354721031095266
850,0.5349344159939456,-0.06258518463460418
851,0.42691144356058325,-0.9308858494372891
852,0.050313344491367325,-0.6389226792731391
853,-0.9497853240545442,0.2409592710937734
854,-0.34108832800899735,-0.9105442687674791
855,-0.3950633803546197,-0.3634928561040693
856,0.4415777885306383,-0.3151773375245242
857,-0.02068947315003706,0.9921929271678832
858,0.930041157694199,-0.5976630165002101
859,-0.07613872092927247,0.47473820330356936
860,-0.1079287472970022,-0.5866970933005337
861,-0.4426713422530625,0.11976845282805097
862,0.42396909984756914,0.2508510258752966
863,-0.8327378805470971,0.43275854117350404
864,-0.22939463870611748,-0.9361916735330054
865,-0.3937001312651022,-0.22869066263331153
866,-0.2323637818104206,0.435155193616472
867,0.19022776121054594,-1.0183412007688237
868,-0.1194102402282647,-0.478829822305371
869,-0.14920195347814305,0.3926896311959685
870,0.12288939320721094,-1.0689402598290567
871,0.4950774152592858,-0.19892404497819852
872,0.18477018788895636,0.9918720302767999
873,-0.8447529152654559,-0.5477076363407241
874,-0.18485814636335648,0.4288987403970014
875,-0.21355145141218942,-0.4683351796790568
876,0.44069639763861157,-0.07722376145542727
877,0.29917342103099004,-0.45943514676797753
878,0.7827304179913548,0.5866834328098898
879,1.0020995579499035,0.42458870638248447
880,0.26365597896043863,0.9377602005619899
881,-0.7756274718548397,0.5608437343463494
882,0.1345776775482592,-0.4832103153889926
883,-0.23078004164231966,0.46513777758841895
884,-0.4710126690738614,-0.30413343974330465
885,0.10175482346144372,0.5243722512405903
886,-0.07792767173172709,-1.0383600193119336
887,0.16429534864712203,-0.9996770326370642
888,0.25875863090474854,-0.46088089775891306
889,-0.3734543226173535,0.8593365052127135
890,0.3794559359269994,0.2752236577136767
891,-0.3505962467601204,0.47178541999310014
892,-0.4414743464757118,-0.8445076747429316
893,1.0142365402184943,0.17166315729846007
894,-0.05172188247200485,1.0001144356413636
895,-0.038132150199060355,-0.4389973859053879
896,0.24366265969461606,0.3508281621327982
897,0.923097525890242,0.2936418016622775
898,0.22593284448030732,-0.5123033271067465
899,0.9264472275275039,-0.3548601637442066
900,0.7658754606228346,0.699330903367874
901,0.12828400763570919,1.0074934298318474
902,0.36474752290691936,0.3413104369002106
903,0.19380424723582027,0.42623635006318566
904,-0.8214800718691413,-0.6803915397396505
905,0.5091581246771082,0.004108848599820469
906,-0.5681169996700766,0.8792298510509717
907,-0.1988501689539078,0.9992270865964065
908,0.8966566045703834,0.38715787723302975
909,0.8480546517900207,0.6879755728575804
910,-0.45501946611670674,0.044332253282762336
911,-0.18291863164365887,0.46510197312310825
912,-0.9573243654863274,0.42589713877517665
913,0.18518024403413588,0.5073400804810951
914,-0.1865276008729561,0.934861662225688
915,0.28166949926239826,-0.929772533415518
916,0.13766433278644344,-0.5233417223854376
917,0.1564278271983655,-0.3778136111942165
918,-0.5934072485032705,-0.043121453539647
919,0.12593294172272906,0.436816533446176
920,-0.060213902068882025,-1.0195051688906958
921,0.18892062971636317,-0.48721276217889536
922,-0.9890467006176478,0.22089454703056466
923,-0.06514699414413762,0.4781577712310962
924,0.34744382579997424,0.30484779811686524
925,0.13751306894866122,-1.0276691446490813
926,0.041504417405191577,0.4344368311183074
927,0.4819569899697008,-0.010548106248777691
928,0.4217200675544908,0.7300899481775016
929,-0.495092956344353,0.17923960010083712
930,0.3355520329414224,0.35634728545795147
931,-0.5628053995693131,0.8293421042232845
932,-0.7718441125261231,0.7556808511715306
933,-0.5391364468291377,-0.033581236915960586
934,-1.0405804608530802,0.18183763452306287
935,0.43098020736037745,0.3141223077726658
936,0.18803975647142088,-0.903794602392392
937,-0.25077321813222936,-0.9498534140574351
938,0.05964125207768925,-0.45828571951808006
939,0.38357013710704996,-0.09491726847382703
940,0.8543525648522587,0.5360355682420137
941,-0.4819616284512832,-0.025162817846950236
942,-0.4185939912609687,-0.1548310450567184
943,0.4701716827628467,-0.2644607186777623
944,0.4467959416476594,0.22347751988223025
945,-0.09246993893795508,-0.5820891304185015
946,0.4643615047815584,-0.08375187504588963
947,-0.45636377155193547,-0.28691963153203737
948,-1.0540206662616067,0.24405786914914673
949,-0.4753559237372732,-0.13321856241953461
950,0.9105412394261796,-0.607716065445
951,0.2066468984444991,-0.4244538309131698
952,0.4607098179946967,-0.011846725540374617
953,0.45422040399946306,-0.8759192629050613
954,-0.20635977282106077,-0.43753220514274244
955,-0.8494554081635474,-0.57573776258592
956,-0.055045317228956045,-0.48546867089460605
957,-0.3811550895807388,-0.8795641147005512
958,-0.27470474946441487,-1.0385491053355664
959,0.8522520576647977,0.37741635244683264
960,0.9255063861009912,0.02011493730162356
961,0.1341762231711885,0.4688425830409478
962,-0.39748490132899694,-0.33733735953974353
963,0.937054875646284,0.34871712716901854
964,0.7558486018171621,0.7493268398071651
965,0.4817485371070323,-0.06671993990536029
966,0.10172939603160552,-0.5033315133621732
967,0.938323784369522,-0.07705086509539727
968,0.3004793620311418,-0.26172102234397104
969,0.2842020636346341,-1.0272121377712602
970,-0.12466960262572398,-0.5148568340152315
971,-0.36337715876955956,-0.29378028418564445
972,-0.4991536758046441,0.309546383561363
973,-0.021674061375345152,1.0654411039815261
974,-0.5246350418541534,-0.8198610079085134
975,-0.3475863528957911,-0.28748994727608074
976,-0.18475910572659537,-0.9962100074827205
977,-0.42971580023648576,0.8147311512627735
978,0.05070009039793385,-0.5329820226534618
979,-0.7758831429807738,-0.44489980947165364
980,-0.324761696503592,0.3928396760745772
981,-1.067002805176251,-0.07619783626865721
982,-0.7248908380820289,0.6592159948746481
983,-0.19291823283032605,0.45846500107970606
984,0.26718852697929,0.9817958391304681
985,-0.32788959885538177,0.26656192155594866
986,-0.4160031684723309,0.8446337979176712
987,0.2572156044148975,0.3660223952868235
988,-1.0405375017646543,-0.042631843047003855
989,0.3140237044668896,-0.4345830037369125
990,-0.3923942839840492,0.3096533158999481
991,0.860326855260741,-0.4088299687349594
992,0.44491037702297204,0.8669735590401992
993,-0.9493491792879556,-0.2811017968029641
994,-0.940805652806233,-0.3517244868093417
995,0.3165530715640357,-0.3213679790645309
996,-0.8317548392644414,0.6296010982500962
997,-0.3117130362907614,-0.45092519280231286
998,-0.44778257009397576,0.8501552171363534
999,0.35066730771985893,-0.9989315453280749
1000,0.5967313563118346,-0.01132068081113706
1001,-0.48409592263626655,0.8594285387493517
1002,-0.08528822341800507,-0.5197679404751945
1003,-0.781253880959797,-0.6876130358264748
1004,-0.00817389616799196,-0.5145371409824916
1005,1.0061460749421203,-0.26749294310400684
1006,-0.5842711351536353,0.12985528438028418
1007,0.7788550573414643,-0.614776537271192
1008,-0.5641732919544147,0.10106444565997748
1009,-0.15926468037459568,0.5493625801390858
1010,0.5092610253774164,-0.016770582669581677
1011,0.09338477848344809,0.3967595449521264
1012,-0.15195712188592547,-0.4338859874792383
1013,-0.6517483976328678,0.6983034801094059
1014,-0.5869833109233228,-0.7702414414226968
1015,0.48628662705989895,-0.04068267986748668
1016,0.2285612836089673,-0.40548131947280364
1017,-0.5159168667891887,0.0243823483332981
1018,0.1585121747601859,-0.4199835761748011
1019,0.4764771055661298,-0.9047694283479923
1020,0.07901297971702902,0.5451729523595271
1021,-0.23618792998664945,0.41086286680144857
1022,-0.43371429062019384,0.031155863401242923
1023,0.9023160167895291,-0.47782042684708853
1024,-0.21755635709377,0.4329417721777719
1025,-0.6307371926953955,-0.8201736872717904
1026,-0.43853362510217403,-0.10687277695503228
1027,0.39266375316258056,-0.36013424680658546
1028,0.055048700511984835,0.43762447204024113
1029,-0.872641595977744,-0.5011999939717626
1030,0.9202381003849981,0.36904365607074313
1031,0.059154597183897095,0.48312836647542573
1032,-0.19127071236232898,-0.4582889146779291
1033,-0.27870635431326607,-0.39629716853875335
1034,-0.4777469091391823,-0.06704479434358664
1035,-0.9448199215599052,0.4539784125120472
1036,1.00880912306246,-0.3861180850106624
1037,0.19904416867688743,-0.9706768146104183
1038,0.419725501170326,0.1615420798051784
1039,-0.48065694736846465,0.06967174894582889
1040,0.7951693662749814,0.7323844419730139
1041,0.30767216713803397,0.3911369574454022
1042,0.9631804368435498,0.38339580239269805
1043,1.041247015460185,-0.08494586298476886
1044,0.34410220162542354,0.3206360508823414
1045,0.39474962979825856,-0.23247689885212783
1046,0.4283168336226992,0.13158478494762688
1047,0.6656497270256186,0.7758603460431657
1048,0.5811630723935939,-0.7886297708514154
1049,0.2901683075555835,-0.36793365778019776
1050,-0.5094362086160759,0.18526428872046402
1051,0.7431275843832463,0.7439655447051594
1052,0.5158377534617128,-0.2956708080301642
1053,-0.7786003135406716,-0.4658266402096596
1054,-0.9906197877204057,0.21633508567750026
1055,0.9551034736685704,-0.21925481557060772
1056,0.37137396509289716,-0.9545258387801372
1057,0.12929778016122342,0.5317611419403607
1058,-0.4258406108251474,0.1624891372991408
1059,0.14444369709415186,0.45377045667635774
1060,0.20376061501059056,0.3743573768408107
1061,0.9731845524316833,0.16821607592850563
1062,0.2514668104021561,1.0193362744573264
1063,0.2985737750011236,-0.40290301600325773
1064,0.19004979457808893,-0.4098061605459594
1065,-0.4501382159670474,0.1369669546473386
1066,0.2046160116316738,0.4099960454757853
1067,0.7321901806936261,0.588983396363321
1068,-0.41002904689033187,-0.3389930666937747
1069,-0.6029376802325376,-0.12234903269250967
1070,-1.064927490953087,-0.07356045197943463
1071,-0.4353081746732077,0.18249255020839492
1072,-0.2750682880161167,0.5147305398516338
1073,0.13475794039796432,0.9283427297325696
1074,-0.4628569434583883,0.18441194167402672
1075,0.08438227254547402,1.032017301734865
1076,-0.5676602688192041,0.08286784221124015
1077,0.9627792964256723,0.18888371541199953
1078,0.45552150863155133,-0.15682691891146847
1079,0.5775642842809002,-0.8308988430970317
1080,-0.9815528257589298,0.1106836376442722
1081,0.7585422727892727,0.5356522018613756
1082,0.3815703930827044,-0.3130018832435401
1083,0.9498973390381216,0.546301601812885
1084,-0.22514356332327268,-0.4366142644478072
1085,-0.7804694435040941,0.6841593012350888
1086,-0.5475591086054994,0.9056953273467885
1087,-0.6079133387463775,0.7209932270334116
1088,0.44519735195573534,0.09150415884210716
1089,0.737944685457868,-0.688426162905617
1090,-0.4582512157160902,-0.8484597110543064
1091,-0.8908321151111278,0.5264596555512886
1092,-0.0974823655013102,-0.4360214917008903
1093,-1.034031037910653,-0.19865207142879393
1094,-0.36169719752554264,0.37907743058439336
1095,0.3396237890595261,-0.3731883109189404
1096,0.5193491360607324,0.01347638787945904
1097,0.18403088711304774,-0.442579500139295
1098,0.7958073578702012,-0.6443143494458843
1099,0.20161581587268476,-1.044377495370391
1100,-0.002119084392612082,0.5026446318342146
1101,-0.9749193672925838,-0.18949497428772763
1102,-0.4270815732553072,0.844298179688298
1103,0.5550597603125289,0.832696380162237
1104,0.8835694811573926,0.6660989752390623
1105,0.4178494745296513,0.08848710554075645
1106,-0.09474212750473063,-0.36557862777215344
1107,0.27236250364614445,-0.40351550115494716
1108,-0.4666165294778093,-0.04601631022447688
1109,-0.5052118815534676,-0.8032164910103712
1110,-0.6393689320896724,-0.8055063023030046
1111,0.6146627819423143,-0.816634553619685
1112,0.14029740720660738,0.5444349884986546
1113,1.0140704030211913,0.21311277510409882
1114,0.9055979088640049,0.18830959713137402
1115,0.5637460086729175,-0.04141282653326755
1116,0.3558629348424363,-0.8673194374417209
1117,-0.02486396409443297,-0.9861053559060429
1118,0.1411771684294911,-1.0102365031054854
1119,0.6834950433355883,0.6165236664910791
1120,0.037727916016312264,-0.5577290782291996
1121,-0.3621203842810176,-0.38315954980756556
1122,-0.4994350919628805,-0.1663002990309525
1123,0.5262907555766297,0.19948972372351745
1124,0.9775702266648152,0.3728637137460373
1125,-0.9586531759107015,-0.13372998129531338
1126,-0.4171249178127216,0.2212093368135554
1127,-0.49285555416629956,0.016561916439753688
1128,-0.1443692425162709,0.3732519266612023
1129,0.0845645964500913,0.9639849416167128
1130,-0.033506540118448926,0.5500190778288144
1131,0.023741396046995975,0.4800971833467
1132,-0.6620307561843458,-0.7559089647466458
1133,0.37659714376463793,-0.866876240013296
1134,-0.4274923726782661,0.8548637374047255
1135,-0.5323049965583836,-0.030219974917594136
1136,-0.459527495430138,-0.12616496399457552
1137,0.4445204654887073,0.8018236543866869
1138,0.4771356025929974,-0.279496634827629
1139,-0.9831037661958681,0.20308802431020329
1140,0.14405648169494,1.0738296520146564
1141,-0.5465752335398416,0.03895154570973114
1142,0.6875309494629983,0.7004642696593265
1143,-0.5501931002088475,-0.007384214209829459
1144,0.12544796979486011,-0.45725865153713674
1145,-0.5656631665271258,-0.8353117990843659
1146,0.5663678937506974,0.8339495572730994
1147,0.511095292320036,-0.8397018615115556
1148,0.028609575825131656,-0.5388354999942256
1149,0.3545714733863129,0.37977192374208957
1150,-0.8528328944326016,-0.4178632322005066
1151,0.17645456937258988,-0.9895162313556248
1152,0.45543223967434254,0.0583993850218304
1153,-0.07262851636173738,-0.4450511599538087
1154,-0.25762008949943865,0.9025315454780803
1155,0.9798440837958424,0.040845476457820766
1156,-0.94849406453635,0.23263673361874948
1157,0.29408849975483753,0.45220284307853126
1158,-0.23525953549390308,-0.9144808910635802
1159,-0.6877966308663161,0.6507548822936623
1160,-0.2537023720689158,0.9244066527826889
1161,-0.03951615797720094,-0.41767357815175005
1162,0.10667310065584128,0.5205904106814692
1163,0.4593042939488776,0.18157179722309957
1164,0.3676275189811764,0.8307655777329782
1165,0.45274264133723346,-0.18376606978889504
1166,0.4512671644912124,-0.10996287380844104
1167,-0.7420493771214239,0.5986627284860992
1168,-0.09717347435767523,0.4638789707369093
1169,0.4623553208486891,-0.19272447548056534
1170,0.07568004646208062,-0.4329461376220223
1171,0.5914694247997896,0.751909928311642
1172,0.39984069755533436,0.28035734258027745
1173,-0.27992443332128364,0.40746463798684673
1174,0.36815148055847885,-0.37830107021457815
1175,0.17958131180482073,-0.47784733081067376
1176,-0.3312868238993143,-0.4126486505115554
1177,-0.342801495928948,-0.37548570273328413
1178,-0.5544954682841319,0.03773521161529107
1179,-1.0246555342385033,0.32312919924592653
1180,-0.43444811177443704,0.25516420698538583
1181,-1.0419960181774313,0.18530115228520413
1182,-0.9554681159145622,-0.1892074633778443
1183,-0.37663800269037323,0.26960594698637264
1184,0.7878595180914405,0.5781638680053196
1185,-0.4322418964453762,0.34915244516349764
1186,-0.28266564166948627,-0.3910590448256205
1187,0.6625244637281066,0.7911376954154998
1188,0.8788842033417271,-0.5476182666440454
1189,0.08778979179257204,-0.508282570482316
1190,-0.2613590868688646,0.9675173577587486
1191,0.7990984667381996,0.5102951951160157
1192,0.48593852296521645,-0.10796111049729057
1193,0.28641845973358,0.37417682435597377
1194,0.5570549927164337,0.06315230988523682
1195,-0.03206175312196239,-0.49622340304875434
1196,-0.4741200042312719,-0.24186401789896117
1197,-0.550024067203134,0.9357816970724053
1198,-0.7729365788601004,-0.5399492867398208
1199,0.6071415550192863,0.7893866292316788
1200,0.10917659538742415,-0.512627078201206
1201,0.434105369044682,-0.3710704118564352
1202,-0.02339024270092742,1.0231586072224634
1203,0.7860511177025296,-0.6573519882910189
1204,0.3657750675969793,0.22604069150742528
1205,-0.9739725472828844,0.07064561086463497
1206,0.42568485472312706,0.281403652032453
1207,-0.5020721276097677,-0.7876864509125464
1208,0.5328069741772384,-0.07445353928832327
1209,0.4485799580006356,0.9306511558424453
1210,0.27350899174825827,0.9471488732603047
1211,0.1627407804817083,0.9747484989313107
1212,-0.3025627340147602,0.23496279152427801
1213,-0.3976242156068809,-0.3644750598714096
1214,-0.4007089193773383,-0.40360497213051105
1215,-1.0289493395627232,0.18092699899401443
1216,0.4219241061517427,-0.23773251343086627
1217,-0.310095400938779,0.4174147878565672
1218,0.36197694869453695,-0.31067688728764264
1219,0.29389121623394704,-0.38299125487010766
1220,-0.7720234410623301,-0.5523342879345995
1221,0.3385513318210041,0.9030314675679691
1222,0.9716632124446846,0.2162204141200642
1223,0.940415973138224,-0.25154663111431064
1224,-0.5429390362907865,0.7776806644745583
1225,-0.43548611286808386,0.05647011794568722
1226,0.31679613861475137,-0.3852581765155141
1227,-0.6834666711087304,-0.781603064960855
1228,0.4812070321659238,-0.8835393687610474
1229,-0.9280035854552204,0.13497814311628165
1230,1.0076633744104535,0.03788433849774143
1231,-0.1692986753177832,0.4659104947604408
1232,-0.869830891197785,-0.5271267216004794
1233,0.2918585754345131,0.4669140474544542
1234,0.43520139162778965,-0.06893967169063953
1235,-1.0485913778395872,0.0333466486074682
1236,-0.5404934187760463,-0.09156948390812227
1237,-0.8824127299689161,-0.4813957168450262
1238,-0.6350573595170941,-0.7226178431063527
1239,0.590937039515741,-0.738711025106448
1240,0.5226940801600505,-0.18753029242356434
1241,-0.0003320083471851122,-1.055063909057938
1242,0.24549044946909668,-0.4746720333188438
1243,0.42298339072963254,-0.30670073599603204
1244,-0.39819322373690436,0.24123672706570673
1245,-1.0007633563726217,0.08527492248068999
1246,0.18342472445048627,1.0283253912210113
1247,0.13521964126533606,-0.9719020330581132
1248,0.7208484036797579,0.615593171240232
1249,-0.4115241991582348,0.36283378953991324
1250,-0.4718829163039639,-0.036359329286247175
1251,-0.022009338015613104,1.020134407276114
1252,0.08682494645739097,-1.0560100289771772
1253,-0.8328494426758413,0.5679352157680998
1254,0.7152374892978378,0.717212729139492
1255,0.42803912258223764,0.2076376641618158
1256,0.4418485571187958,0.19781956745978055
1257,-0.4749392287898342,0.16982644599727792
1258,0.6066424423896013,-0.0754145353803701
1259,0.47216913707358427,-0.9838261902048454
1260,-0.36811103468240336,0.9641162196106243
1261,0.18917166740456667,0.39928254700089444
1262,-0.21742351876649268,0.40548285390108046
1263,1.0346071452385823,0.009640663099408503
1264,0.08594424766386768,0.5428844483323048
1265,1.0703630095284034,-0.21977173440245137
1266,0.9065440902838686,0.4066282341510372
1267,0.9083136132628749,0.16935614402132196
1268,0.9967653163498156,0.031080447108481374
1269,0.6818506097422024,0.7866812200028921
1270,-0.1475922746441145,-0.4156660881812093
1271,-0.3643444778105793,-0.4528163405105763
1272,-0.6837104585984098,0.721434968150694
1273,0.18359147534906528,0.44302626918009436
1274,-0.5171198758218885,0.2633107385958746
1275,0.26612948080029986,0.4127481636633511
1276,0.10627662586662633,0.9554556848084683
1277,0.4316171094028167,0.9048885277074862
1278,-0.966755946357044,-0.09861172236266946
1279,-1.0732464942350173,0.1951955051104434
1280,0.8637895796443719,0.4942186298745191
1281,-0.21851256272075936,-0.35264196316056473
1282,0.9231665012049892,0.5646908268527877
1283,-0.5287011565632374,0.7799827702845148
1284,-0.3257512430384946,0.35411153340774826
1285,-0.9517286320119995,0.42066398863408516
1286,-0.8898437771634007,-0.4156963117235433
1287,-0.15269953504581066,0.42315941563983717
1288,0.06082931133880582,-0.9959109393084539
1289,0.012185268067062396,0.553143393731391
1290,0.11633672969573532,0.4329677190064893
1291,0.6863819385497976,-0.6816526680195018
1292,-0.9138253779939032,0.41265064758558223
1293,-0.0002035936312619717,-0.9967183283374911
1294,-0.9581228242285585,0.09173990456649209
1295,-0.3459805732197705,-0.4176148276512842
1296,-0.38114539770731815,-0.25708956574816394
1297,0.32932362182137176,0.3885251000116889
1298,-1.0089631772494083,0.15256044796438936
1299,0.8954879359210999,0.2565903053406703
1300,0.06691497053700474,-0.5326195387070907
1301,0.44693066789278946,-0.262961451833614
1302,-0.21060916446435918,0.4235307981756326
1303,0.9407097333317558,0.03185810450259937
1304,0.4197479259436746,-0.26173684458525687
1305,-0.13313764459553226,-0.423995019077428
1306,0.48798179315759604,-0.1327143446139485
1307,0.37456349663500943,0.2996141804915087
1308,-0.9573213857719235,-0.170063972596743
1309,0.5109012017543243,-0.9367444930421579
1310,-0.9493789240417503,0.26383153652980607
1311,-0.7253948555318506,-0.595449066594004
1312,-0.6814573453331374,0.723420650242346
1313,0.3927297566373901,-0.07752317114729351
1314,-0.4688251821498852,-0.05455606112611805
1315,-0.7346896275422451,-0.7130348347717061
1316,-0.29496576137002545,1.0123294072490783
1317,-0.9136031285981823,0.19966274134539932
1318,-0.9147232794636733,-0.28036938259530325
1319,0.24118468536976373,-0.4753295500544134
1320,-0.1378455987824537,0.4687182145271763
1321,0.6358214894586766,-0.6865249846124483
1322,-1.0065594834836293,-0.11395111094272137
1323,0.440482273392114,0.023812280495271315
1324,0.47064513952276893,0.1145269696122686
1325,0.02691987644588757,0.44621518665201093
1326,-0.01897424392383379,-0.9783021067386696
1327,-0.062417031207174595,-0.43390550575076087
1328,0.9923800836682085,-0.3053537857917118
1329,0.37688102780242405,-0.9147130266199326
1330,-0.5600486552654428,-0.16005129774049118
1331,-0.4921705573813613,-0.9550837421581825
1332,-0.4798634215337879,0.20034150040200674
1333,-0.4733789386202337,-0.17601625993785341
1334,-0.9477903292304322,0.45030222509406004
1335,0.5186246448184105,-0.35340262119613397
1336,0.029582605419355187,0.4253278389026636
1337,0.3644427918765897,0.8755529306532314
1338,0.33759315935795564,-0.25958470364349556
1339,0.854052247011164,0.5632579864096691
1340,0.3865409058518217,-0.36811008463727
1341,0.20762341259831518,0.48978067313508794
1342,0.3477651945280558,0.41669028783115797
1343,0.6002605189605132,-0.7740853178407748
1344,-0.5848198259356102,-0.163134690515026
1345,0.49001835284793577,0.9246467393613187
1346,0.9738470523276489,0.20643448177068782
1347,0.5251874165943802,-0.11669565616689481
1348,0.7472215194221163,-0.610974035402884
1349,0.9670643886470237,-0.18048659126549435
1350,0.16666381750925457,-0.9965552736200654
1351,-0.28729350111075463,0.8764311387902753
1352,-0.4459830245151203,0.2537124026920106
1353,-0.4919277963115058,-0.2706549244260434
1354,-0.8130438262384243,-0.6868371355311776
1355,-0.47278196021963587,0.15745024862880894
1356,1.046916505038772,0.3265945584469375
1357,-0.3256333807771905,-0.329093655900736
1358,0.5007658699590425,0.1653708533666802
1359,0.9034517858906257,-0.3996012508626814
1360,-0.7962278322991209,0.5539007635936017
1361,0.555876884968128,0.09120355639148595
1362,0.9390045173221399,0.4520977192606452
1363,0.09414953312136051,-0.4990834252725959
1364,0.8876252284911103,0.28327994714401555
1365,0.350801265718043,-0.24383342355441429
1366,0.004613953367059553,-0.4335057172040485
1367,0.04898404338541418,1.108384230251872
1368,0.9870680873320964,-0.1274026576997614
1369,-0.2472120654114107,0.9651378589502467
1370,-0.46105763867003485,0.8565485527375056
1371,-0.10249703130619092,0.40489433200074704
1372,-0.20676419104683952,-0.4252406112942676
1373,0.8191937196130648,-0.4348519709666857
1374,0.7044596104305725,0.7788559992303512
1375,0.22483598897685736,1.009684228327208
1376,-0.5100658839103743,0.13573005156268306
1377,-0.5637816774022278,0.10731034469902137
1378,-0.3895795409626205,0.23210870447997223
1379,-0.44034191388282606,-0.20656999041605179
1380,0.464307863912707,-0.3146811361690212
1381,-0.39390820896499923,0.34834914388127386
1382,0.5258293933058259,0.08412608562059792
1383,0.008654732652645464,1.0319159447266861
1384,-0.9550344520861838,-0.4035454785341627
1385,0.027042538340374775,0.4634931994430325
1386,-0.03974353862979619,1.0475965229471258
1387,0.1418116603171133,-0.48635175486110743
1388,-0.9647894292846956,-0.440842153749794
1389,0.05035971687883946,-0.4678334449123734
1390,0.946672621555697,0.13212384297542112
1391,-0.5226210400375927,-0.19063689521906513
1392,-0.24126767551366485,-1.0678370263105899
1393,-0.4406614499538308,-0.9060463834867097
1394,0.06088884099272078,-0.45620883882285784
1395,-0.9493231612381511,0.30874115274346925
1396,-0.21601096323992983,-0.816060989859961
1397,-0.10524498032301913,1.057664899222391
1398,-0.08610116324114299,-0.4452079495967747
1399,-0.209619494931878,1.0273646054190912
1400,0.23767043846249253,0.33057808130986394
1401,-0.6866674938137158,-0.7780887236828141
1402,-0.30966602855264974,-0.9746853907632805
1403,0.20881136002376602,-0.4376012236898649
1404,-0.1035455169037728,0.4592779544927096
1405,-0.4625341658109773,-0.2007835190354356
1406,-0.27751544225976466,0.9173016226331684
1407,-0.2684342367854453,0.2509641564054431
1408,-0.4455036836905384,0.15675967774009197
1409,-0.777512042189241,0.5614887073241678
1410,-0.7371870956524267,0.7809853740071969
1411,0.468588965812274,0.9122470425949203
1412,-0.44886930312145124,0.14424295399463935
1413,-0.6713711182195966,0.6784010973556198
1414,-0.09901730455490326,-0.5450732004267853
1415,-0.24689807872433883,-0.28395144995717253
1416,-0.7589976270284402,0.7341007346421111
1417,0.9449538606457759,-0.3942054726891508
1418,-0.8700132230656389,0.4213485927575036
1419,-0.60154680834136,-0.8545326390885601
1420,0.3855338485984932,-0.12269521821247546
1421,-1.0607199794805138,-0.009447036460599294
1422,0.24506868739544765,-0.8898449001141202
1423,-0.45591834126956576,-0.29806910379733215
1424,0.3969254271863098,-0.16061405895468756
1425,0.023961314505658096,0.4665720637329235
1426,-0.46012768054292963,0.7912099145220236
1427,-0.27365418859295765,-0.3606517186842708
1428,-0.5136963458450302,-0.7411771810611186
1429,-0.19891014510928295,-0.9229206117558022
1430,0.01790301161309851,-0.5301429472824838
1431,-0.07789261199492188,-0.5794176093165911
1432,-0.6481225383890159,-0.6868972677664704
1433,0.640692832123572,-0.6429074772377514
1434,0.21680939634317414,-0.9894226773205207
1435,-0.0008506415497215869,0.5097936747298515
1436,-0.021056192564625542,0.5228005477227857
1437,0.3831260692847038,-0.35934556931387157
1438,-0.21990089150182168,-0.4654177608791436
1439,-0.5194638827812547,0.8065035450580675
1440,-0.8671856353846017,-0.36519119795390365
1441,0.3541577055297349,0.38372952508709757
1442,-0.9949720821187636,0.13903501356007636
1443,0.06234649202558844,-0.45058395188610695
1444,0.37881019446305736,0.9056801656531175
1445,0.03469646210660747,-0.5139539955658711
1446,-0.5752790941405587,-0.10135202329051322
1447,0.5009741626061992,0.11305965264296888
1448,0.4761857259771831,0.2898125008539342
1449,-0.39133996744568034,0.419997445620001
1450,-0.2898838061464802,0.3843262312759428
1451,0.7751610183468535,-0.5887550614159541
1452,-0.44273147015569664,-0.35419800416379005
1453,0.4726197613391915,0.20879352452772731
1454,-0.5312681329469562,0.013979298096493932
1455,0.5420607779906553,0.0645680998212442
1456,-0.30107756005920305,-0.34046914817718793
1457,0.2684483832315598,-0.27589661293328543
1458,0.17102529893380403,0.9591375155838289
1459,-0.8681331616459933,-0.4229476023515658
1460,0.805854345847899,-0.3789630258871519
1461,0.42912878305850594,-0.29664193677103734
1462,0.09972980470626888,0.9620874208235527
1463,-0.4490620544671028,-0.8597643929646085
1464,-0.21178863865130199,-0.4981852020753837
1465,-0.1786401789223434,-0.4403325671471704
1466,-0.18800651479298125,1.0073132287271067
1467,-0.8978642209632812,0.4635027138135176
1468,-0.7621737798498361,0.5216130241433151
1469,-0.46182806274413873,-0.9410870741013684
1470,0.9309327749568108,0.16945348077108696
1471,0.504297565784998,-0.21856696360089517
1472,-0.39209717712148506,0.3539699001940751
1473,-1.0387849951714907,-0.29242658413084227
1474,-0.4506555848924926,-0.8895779421177729
1475,-0.4654135551120193,0.1819465218970799
1476,0.17968769717681982,-0.8898495596289169
1477,-0.26875431822317936,-0.4292048551235803
1478,0.9362394842195101,-0.1857946795219038
1479,0.553559714262388,0.7671892006873856
1480,0.7102206699773924,-0.7477876314507801
1481,0.07303878974793711,0.9613824443608714
1482,0.8605224662766624,-0.5113676866464573
1483,0.9779031062804084,-0.24101464372720927
1484,-0.9444772185748395,0.38294206503273714
1485,-0.12071927832507723,0.5484965719314522
1486,-0.29831440916458424,-0.2775799551030517
1487,-0.43067495192209404,0.2917700615676311
1488,0.2892647061801212,0.42531282213298394
1489,1.02658818151031,0.24895102873004332
1490,-0.14054243272174177,0.9577079335304092
1491,1.0261412105791152,-0.07651810344811052
1492,-0.7214890747668562,0.6685316823283247
1493,0.14701550849030295,-0.48299242042057
1494,0.9357104867681079,-0.12356988311646527
1495,-0.5947035514950062,0.8576754856841133
1496,-0.3396194065366297,-0.33586167935875355
1497,0.02821553939637668,-0.5549847521259731
1498,0.9472371321771461,0.26827242509460403
1499,0.06563990326084596,0.553724893172385
